id;apellido;fechaHora
CITA-060;Gómez;2025-03-01T11:26
CITA-009;Martínez;2025-03-02T00:56
CITA-093;Vera;2025-03-02T05:46
CITA-070;Segura;2025-03-02T11:58
CITA-076;Cornejo;2025-03-31T14:25
CITA-025;Mendoza;2025-03-03T02:48
CITA-079;Chávez;2025-03-03T04:53
CITA-027;Sánchez;2025-03-03T04:55
CITA-035;Chávez;2025-03-03T19:21
CITA-082;Cedeño;2025-03-03T20:27
CITA-051;Mendoza;2025-03-04T20:16
CITA-028;Naranjo;2025-03-04T23:38
CITA-099;Mendoza;2025-03-05T04:10
CITA-069;Gómez;2025-03-05T18:14
CITA-094;Ramírez;2025-03-06T00:56
CITA-058;Martínez;2025-03-06T03:10
CITA-053;Quintero;2025-03-06T23:10
CITA-039;Romero;2025-03-07T03:52
CITA-014;Mora;2025-03-07T06:09
CITA-021;Acosta;2025-03-07T06:51
CITA-016;Burbano;2025-03-07T18:28
CITA-096;Chávez;2025-03-07T21:54
CITA-073;Quintero;2025-03-08T05:14
CITA-088;Ramírez;2025-03-08T10:30
CITA-048;García;2025-03-08T22:45
CITA-005;Mora;2025-03-09T08:14
CITA-044;Jiménez;2025-03-09T13:17
CITA-018;Pérez;2025-03-09T19:05
CITA-075;García;2025-03-16T19:39
CITA-041;Vera;2025-03-10T09:47
CITA-054;Calle;2025-03-10T21:33
CITA-032;Mendoza;2025-03-11T01:06
CITA-045;García;2025-03-11T01:59
CITA-067;Villacís;2025-03-11T15:00
CITA-089;Naranjo;2025-03-12T05:47
CITA-072;Naranjo;2025-03-12T13:58
CITA-015;Herrera;2025-03-13T07:42
CITA-057;Salazar;2025-03-24T10:30
CITA-086;Villacís;2025-03-13T20:47
CITA-066;Suárez;2025-03-13T22:21
CITA-064;Calle;2025-03-30T04:03
CITA-019;Herrera;2025-03-16T02:03
CITA-017;Ramírez;2025-03-16T02:31
CITA-061;Martínez;2025-03-16T06:38
CITA-085;Ramírez;2025-03-16T11:54
CITA-098;Segura;2025-03-16T13:59
CITA-090;Rojas;2025-03-16T14:16
CITA-029;Cornejo;2025-03-16T14:42
CITA-033;Segura;2025-03-10T03:06
CITA-062;Villacís;2025-03-16T20:41
CITA-065;Cornejo;2025-03-16T21:23
CITA-038;Reyes;2025-03-17T01:42
CITA-012;Aguilar;2025-03-17T11:27
CITA-001;Martínez;2025-03-27T01:45
CITA-042;Cornejo;2025-03-17T17:19
CITA-091;Sánchez;2025-03-17T20:16
CITA-010;Segura;2025-03-18T04:13
CITA-011;Salazar;2025-03-18T04:36
CITA-013;Mora;2025-03-18T05:00
CITA-049;Rojas;2025-03-18T08:58
CITA-059;Burbano;2025-03-19T00:06
CITA-008;Burbano;2025-03-19T06:51
CITA-083;Suárez;2025-03-19T08:19
CITA-087;Pérez;2025-03-19T11:05
CITA-002;Quintero;2025-03-19T18:37
CITA-036;Mendoza;2025-03-19T23:34
CITA-095;Acosta;2025-03-20T06:11
CITA-055;Cedeño;2025-03-20T06:26
CITA-074;Cornejo;2025-03-20T16:50
CITA-006;Pérez;2025-03-21T13:27
CITA-100;Naranjo;2025-03-21T16:40
CITA-080;Pérez;2025-03-21T19:07
CITA-081;García;2025-03-21T23:23
CITA-092;Acosta;2025-03-22T05:20
CITA-040;Romero;2025-03-22T12:55
CITA-046;Rojas;2025-03-22T17:38
CITA-052;Aguilar;2025-03-23T21:22
CITA-004;García;2025-03-23T23:26
CITA-031;Guerrero;2025-03-24T08:39
CITA-056;López;2025-03-13T10:12
CITA-003;Chávez;2025-03-24T18:43
CITA-071;Burbano;2025-03-24T19:47
CITA-043;Cornejo;2025-03-25T19:02
CITA-063;Ramírez;2025-03-17T14:19
CITA-023;Naranjo;2025-03-27T18:04
CITA-034;Acosta;2025-03-28T04:20
CITA-037;Calle;2025-03-28T09:12
CITA-020;Cedeño;2025-03-28T11:39
CITA-030;Burbano;2025-03-28T18:24
CITA-022;Burbano;2025-03-29T02:16
CITA-097;Villacís;2025-03-29T07:34
CITA-068;Segura;2025-03-29T08:22
CITA-007;Chávez;2025-03-29T09:17
CITA-024;Herrera;2025-03-29T15:34
CITA-047;Rojas;2025-03-14T14:35
CITA-050;Salazar;2025-03-30T20:50
CITA-078;Mendoza;2025-03-30T21:17
CITA-084;Reyes;2025-03-31T03:41
CITA-026;Rojas;2025-03-02T17:47
CITA-077;Martínez;2025-03-31T16:09
